{
    "loss": 1.582631230354309,
    "accuracy": 0.5980392098426819
}